Allometry ID PRIMARY,a,b
A,-0.584012589,0.923859482
B,-1.524125074,0.976098575
C,-1.8185,1.1471
D,-0.728451431,0.656991006
